name,edition,type,price,rating
Madre Mezcal,Madre Mezcal,Mezcal,48.99,7.3
Brugal,Brugal 1888 Rum,Rum,40.99,8
Madre Mezcal,Madre Mezcal (200ml),Mezcal,22.99,7.5
Arran,Arran 10 Year Old Whisky,Scotch,44.99,7.3
Hendrick's Gin,Hendrick's Gin,Gin,34.99,8.4
Merlet,Merlet Brothers Blend Cognac,Cognac,37.99,8
Hennessy,Hennessy XO,Cognac,187.99,8.9
Oxley,Oxley Gin,Gin,36.99,8.7
Beefeater,Beefeater London Dry Gin,Gin,19.99,7.3
Sipsmith,Sipsmith Sloe Gin,Gin,43.99,7.8
Beefeater,Beefeater London Dry Gin 24,Gin,27.99,8.4
Banks,Banks 5 Island Rum,Rum,29.99,7.5
Varela Hermanos SA,Ron Abuelo 12 Year Old Rum,Rum,40.99,7.7
Mount Gay,Mount Gay XO Reserve Cask,Rum,51.99,7.8
Flor de Caña,Flor de Caña 4 Year Extra Seco,Rum,19.99,8.3
Compass Box,Compass Box Spice Tree,Scotch,64.99,7.3
Dewar's,Dewar's White Label,Scotch,22.99,7.1
Jameson,Jameson 18 Year Old Limited Reserve,Irish Whiskey,138.99,8.6
Johnnie Walker,Johnnie Walker Gold Label Reserve,Scotch,52.99,7.9
Elijah Craig,Elijah Craig Single Barrel 18 Year Old Bourbon,Bourbon,286.99,8.3
Four Roses,Four Roses Yellow Label Original Bourbon,Bourbon,19.99,7.2
Noah's Mill,Noah's Mill Small Batch Bourbon,Bourbon,56.99,8.1
Bain's,Bain's Cape Mountain Single Grain Whisky,South African Whisky,30.99,7.7
Glenfiddich,Glenfiddich 15 Year Old Solera Reserve,Scotch,60.99,8.1
Inchmurrin,Inchmurrin 12 Year Old,Scotch,84.99,7.2
Penderyn,Penderyn Single Malt Whisky,Welsh Whisky,107.99,7.2
Aberlour,Aberlour 18 Year Old,Scotch,125.99,8.9
Laphroaig,Laphroaig 25 Year Old,Scotch,447.99,9.8
Bushmills,Bushmills 10 Year Old,Irish Whiskey,47.99,7.1
Aberfeldy,Aberfeldy 12 Year Old,Scotch,43.99,8
Glenmorangie,Glenmorangie Nectar D'Or,Scotch,80.99,8.2
Tyrconnell,Tyrconnell 10 Year Old Madeira Cask Finish,Irish Whiskey,64.99,8.2
Amrut,Amrut Peated Single Malt Whisky,Indian Whisky,79.99,7.7
Tyrconnell,Tyrconnell Single Malt Irish Whiskey,Irish Whiskey,43.99,7.7
Laphroaig,Laphroaig 10 Year Old,Scotch,47.99,7.9
Tyrconnell,Tyrconnell 10 Year Old Port Cask Finish,Irish Whiskey,76.99,7.8
Bernheim,Bernheim Original,American Whiskey,30.99,7.5
Arette,Arette Gran Clase Extra Añejo,Tequila,113.99,8.7
Elit,Elit Vodka,Vodka,47.99,8.3
Chopin,Chopin Potato Vodka,Vodka,24.99,9.1
High West,High West Double Rye,Rye,31.99,7.7
Elephant,Elephant Gin,Gin,42.99,9.2
Banks,Banks 7 Golden Age Rum,Rum,32.99,7.9
Lagavulin,Lagavulin Distillers Edition,Scotch,147.99,8.7
La Hechicera,La Hechicera Fine Aged Rum,Rum,47.99,8
Glendalough,Glendalough Poitin 40,Moonshine,38.99,7.2
Aberlour,Aberlour A'bunadh,Scotch,90.99,8.5
Delord,Delord Bas Armagnac 25 Year Old,Brandy,82.99,7.5
Bloom,Bloom London Dry Gin,Gin,35.99,8.5
St. George,St. George Raspberry Brandy,Brandy,37.99,5.5
NY Distilling Co.,Perry's Tot Navy Strength Gin,Gin,22.99,7.5
The Macallan,The Macallan Estate Reserve,Scotch,219.99,9.2
Roots,Roots Rakomelo,Liqueur,40.99,8.7
The Glenrothes,The Glenrothes 25 Year Old,Scotch,567.99,6.9
Balcones,Balcones True Blue 100 Proof,American Whiskey,53.99,8.2
Glengoyne,Glengoyne 18 Year Old,Scotch,135.99,8.7
Torres,Torres 30 Jaime I. Brandy Reserva de la Famiglia,Brandy,118.99,8.1
Michter's,Michter's US* Single Barrel Straight Rye Whiskey,Rye,42.99,7.7
The Irishman,The Irishman 12 Year Old Single Malt Irish Whiskey,Irish Whiskey,70.99,7.7
Paul John,Paul John Edited,Indian Whisky,62.99,7.8
Chopin,Chopin Wheat Vodka,Vodka,24.99,9.8
Johnny Drum,Johnny Drum Private Stock,American Whiskey,33.99,7.6
ArArAt,Ararat Akhtamar 10 Year Old,Brandy,39.99,7.2
Singleton,Singleton of Dufftown 18 Year Old,Scotch,61.99,8.2
Paul John,Paul John Peated Select Cask,Indian Whisky,103.99,6.3
Dry Fly,Dry Fly Straight Washington Bourbon 101,Bourbon,37.99,7.1
Tomatin,Tomatin 14 Year Old Port Wood Finish,Scotch,75.99,7.8
Tullibardine,Tullibardine 500 Sherry Cask Finish,Scotch,54.99,7.6
Olmeca Altos,Olmeca Altos Tequila Reposado,Tequila,25.99,7.9
Leblon,Leblon Cachaça,Cachaça,27.99,6.9
Black Bull,Black Bull 12 Year Old,Scotch,50.99,7.3
Jack Ryan,Jack Ryan Beggars Bush 12 Year Old Single Malt Irish Whiskey,Irish Whiskey,81.99,8.1
Olmeca Altos,Olmeca Altos Plata,Tequila,26.99,7.5
Rowan's Creek,Rowan's Creek Straight Kentucky Bourbon,Bourbon,41.99,7.9
The Irishman,The Irishman Cask Strength,Irish Whiskey,199.99,8.5
Teeling,Teeling Single Malt Irish Whiskey,Irish Whiskey,53.99,7.7
Craigellachie,Craigellachie 17 Year Old,Scotch,138.99,9.3
Pusser's,Pusser's British Navy Gunpowder Proof,Rum,41.99,7.6
Barsol,Barsol Supremo Mosto Verde Torontel,Grappa,44.99,6.7
Old Forester,Old Forester Bourbon,Bourbon,22.99,7.2
Dry Fly,Dry Fly Straight Triticale Whiskey (44% ABV),American Whiskey,38.99,7.6
Chairman's Reserve,Chairman's Reserve The Forgotten Casks,Rum,48.99,7.7
Chase,Chase Elderflower Liqueur,Liqueur,27.99,8.9
Dewar's,Dewar's 12 Year Old,Scotch,26.99,7.2
Don Julio,Don Julio 1942 Anejo Tequila,Tequila,135.99,9
Michter's,Michter's US*1 Sour Mash Whiskey,American Whiskey,47.99,8.3
Bastille 1789,Bastille 1789 Handcrafted French Whisky,French Whisky,36.99,6.8
Greenhook Ginsmiths,Greenhook Ginsmiths Old Tom Gin,Gin,46.99,9
Agave Loco,Agave Loco Pepper Cured Tequila Resposado,Tequila,37.99,6.7
Riazul,Riazul Tequila Añejo,Tequila,57.99,8.8
Partida Tequila,Partida Elegante Tequila Extra Anejo,Tequila,336.99,9
Excellia,Excellia Tequila Reposado,Tequila,64.99,7.7
Tapatio,Tapatio Tequila Reposado,Tequila,49.99,8.1
Casamigos,Casamigos Tequila Reposado,Tequila,47.99,8.3
Casa Dragones,Casa Dragones Tequila Joven,Tequila,251.99,7.8
Fidencio,Fidencio Clasico Joven Mezcal,Mezcal,41.99,7.6
Avion,Avion Tequila Silver,Tequila,37.99,7.8
Casa Noble,Casa Noble Tequila Reposado,Tequila,48.99,8.4
7 Leguas,7 Leguas Tequila Reposado,Tequila,56.99,8.6
Revolucion,Revolucion Tequila Añejo,Tequila,53.99,7.9
Don Pancho,Don Pancho Origenes 18 Year Reserva Especial Rum,Rum,78.99,8.6
Facundo,Facundo Eximo Rum,Rum,73.99,10
Avua,Avua Oak Cachaça,Cachaça,52.99,5.4
Trois Rivières,Trois Rivières VSOP Rum,Rum,63.99,7.2
Flor de Caña,Flor de Caña 5 Year Añejo Clásico,Rum,25.99,7.5
Facundo,Facundo Neo Rum,Rum,50.99,8.3
Facundo,Facundo Exquisito Rum,Rum,124.99,9.8
Facundo,Facundo Paraiso Rum,Rum,270.99,0
Ron Medellin,Ron Medellin Gran Reserva 12 Year Rum,Rum,35.99,7.7
Selvarey,Selvarey White Rum,Rum,24.99,8.3
Flor de Caña,Flor de Caña 4 Year Añejo Oro,Rum,19.99,7.7
Brinley Gold,Brinley Gold Shipwreck Spiced Rum,Rum,25.99,8.1
Flor de Caña,Flor de Caña 25 Year,Rum,138.99,8.9
Flor de Caña,Flor de Caña 7 Year Gran Reserva,Rum,24.99,7.7
Clement,Clement Select Barrel Rhum,Rum,38.99,6.4
Opihr,Opihr Oriental Spiced London Dry Gin,Gin,35.99,7.6
Wenneker,Wenneker Elderflower Dry Gin,Gin,40.99,7.1
Merlet,Merlet VS Cognac,Cognac,31.99,7.2
Crown Royal,Crown Royal Northern Harvest Rye,Rye,32.99,7.2
Jefferson's,Jefferson's Manhattan Bourbon,Bourbon,36.99,6.7
Quinta do Noval,Quinta do Noval Late Bottle Vintage Port,Wine,31.99,8.8
Kavalan,Kavalan Oloroso Sherry Oak,Taiwanese Whisky,135.99,7.3
Cleveland Whiskey,Cleveland Black Reserve American Bourbon Whiskey,Bourbon,32.99,7.3
Flor de Caña,Flor de Caña 12 Year,Rum,37.99,8
St. George,St. George Dry Rye Reposado Gin,Gin,35.99,8.5
Journeyman,Journeyman Corsets Whips & Whiskey,American Whiskey,63.99,7.2
Catoctin Creek,Catoctin Creek Single Barrel Roundstone Rye Whisky,Rye,47.99,6.8
Dalwhinnie,Dalwhinnie Distillers Edition,Scotch,119.99,8.2
Raff Distillerie,Bummer & Lazarus Dry Gin,Gin,35.99,7.5
Cleveland Whiskey,Cleveland Underground Black Cherry Finish Bourbon,Bourbon,41.99,7.5
Iconic Brands,Apocalypto Tequila Reposado,Tequila,41.99,7.7
The Glenlivet,The Glenlivet 12 Year Old First Fill,Scotch,44.99,7.5
anCnoc,AnCnoc Rascan,Scotch,94.99,7.6
Nikka,Nikka Yoichi Single Malt,Japanese Whisky,144.99,8.3
Pendleton,Pendleton 1910 12 Year Old Whisky,Canadian Whisky,32.99,8.2
El Mayor,El Mayor Añejo Tequila,Tequila,33.99,7.6
Marca Negra,Mezcal Marca Negra Tobala,Mezcal,109.99,7.3
Glenfarclas,Glenfarclas 25 Year Old,Scotch,170.99,8.6
Bumbu,Bumbu The Original Rum,Rum,37.99,8.7
Roe & Co,Roe & Co Blended Irish Whiskey,Irish Whiskey,33.99,7.3
Black Fly,Black Fly Bourbon,Bourbon,78.99,5.7
Centenario International,Ron Centenario 30 Year Old Edicion Limitada,Rum,147.99,8.6
Kings County,Kings County Peated Bourbon,Bourbon,74.99,6.8
Widow Jane,Widow Jane Distilled From a Rye Mash - Oak & Apple Wood Aged Whiskey,Rye,50.99,7.3
Widow Jane,Widow Jane Distilled From a Rye Mash – American Oak Aged Whiskey,Rye,48.99,7.8
Slane,Slane Triple Casked Irish Whiskey,Irish Whiskey,27.99,7.9
Port Askaig,Port Askaig 110° Proof,Scotch,68.99,6.6
Chivas Regal,Chivas Regal Mizunara,Scotch,45.99,7.8
Barr Hill,Barr Hill Tom Cat Gin,Gin,55.99,7.7
Pike Creek,Pike Creek 10 Year Old Rum Barrel Finished Canadian Whisky,Canadian Whisky,29.99,7.1
Bunnahabhain,Bunnahabhain Stiùireadair,Scotch,47.99,8.3
Suntory,Suntory Roku Gin,Gin,26.99,8.4
Kurayoshi,Kurayoshi Pure Malt Whisky,Japanese Whisky,70.99,8.2
Kurayoshi,Kurayoshi 8 Year Old Pure Malt Whisky,Japanese Whisky,79.99,7
Kurayoshi,Kurayoshi 18 Year Old Pure Malt Whisky,Japanese Whisky,206.99,8.6
Kurayoshi,Kurayoshi Sherry Cask Pure Malt Whisky,Japanese Whisky,79.99,7.6
Kurayoshi,Kurayoshi 8 Year Old Sherry Cask Pure Malt Whisky,Japanese Whisky,86.99,7
James E. Pepper,James E. Pepper 1776 Rye Whiskey Sherry Cask Finished,Rye,47.99,7.8
Hyde,Hyde No. 6 President's Reserve,Irish Whiskey,68.99,7
Clyde May's,Clyde May's Special Reserve Alabama Style Whiskey,American Whiskey,59.99,7.5
James E. Pepper,James E. Pepper 1776 100 Proof Bourbon Whiskey,Bourbon,28.99,7.6
Jameson,Jameson Caskmates IPA Edition,Irish Whiskey,25.99,7.3
Glendalough,Glendalough 13 Year Old Single Malt Irish Whiskey,Irish Whiskey,93.99,8.3
Knappogue Castle,Knappogue Castle 14 Year Old Twin Wood,Irish Whiskey,59.99,7.9
Glendalough,Glendalough Poitin Mountain Strength,Moonshine,35.99,7.1
Bertha's Revenge,Bertha's Revenge Irish Milk Gin Small Batch,Gin,39.99,7.4
Drumshanbo,Drumshanbo Gunpowder Irish Gin,Gin,38.99,8.2
Dingle,Dingle Original Pot Still Gin,Gin,41.99,9
Barr an Uisce,Barr an Uisce Wicklow Rare Small Batch,Irish Whiskey,55.99,8
I.W. Harper,I.W. Harper 15 Year Old,Bourbon,84.99,8.4
Wolfburn,Wolfburn Northland,Scotch,68.99,6.1
Coppersea,Coppersea Excelsior Straight Bourbon Whisky,Bourbon,69.99,6.4
Aberlour,Aberlour 16 Year Old (40%),Scotch,79.99,8.2
Clase Azul,Clase Azul Mezcal,Mezcal,263.99,8.7
Wahaka,Wahaka Joven Tepeztate Mezcal,Mezcal,139.99,7.7
El Jolgorio,El Jolgorio Pechuga Mezcal,Mezcal,156.99,8.2
El Jolgorio,Nuestra Soledad San Luis del Rio Mezcal,Mezcal,56.99,7.4
Las Joyas del Agave,Don Amado Arroqueno Mezcal,Mezcal,102.99,8.3
Tosba,Tosba Tobala Mezcal,Mezcal,117.99,6
Amaras,Amaras Cupreata Mezcal,Mezcal,60.99,7
Sagamore Spirit,Sagamore Spirit Straight Rye Whiskey,Rye,39.99,7.6
Citadelle,Citadelle Extremes No. 1 No Mistake Old Tom Gin,Gin,50.99,8.8
Malfy,Malfy Gin Originale,Gin,29.99,8.7
Port Askaig,Port Askaig 8 Year Old,Scotch,67.99,6.9
WhistlePig,WhistlePig 10 Year Old Rye Whiskey (375ml),Rye,37.99,7.5
Appleton Estate,Appleton Estate Joy Anniversary Blend 25 Year Old Rum,Rum,251.99,8.3
Santa Fe Spirits,Colkegan Single Malt Whiskey,American Whiskey,63.99,6.5
NY Distilling Co.,Ragtime Straight Rye Whiskey,Rye,45.99,8.1
Our/Vodka,Our/Vodka New York,Vodka,21.99,7.1
Devil's River,Devils River Small Batch Texas Bourbon,Bourbon,23.99,6.9
Smooth Ambler,Smooth Ambler Big Level Wheated Bourbon,Bourbon,55.99,6.3
Colonel E.H. Taylor,Colonel E.H. Taylor Four Grain Bourbon Whiskey,Bourbon,1110.99,8.9
Alexander Murray,Alexander Murray Bon Accord,Scotch,39.99,6.5
Alexander Murray,Alexander Murray Monumental Blend 18 Year Old,Scotch,85.99,7.3
Bruichladdich,Bruichladdich Port Charlotte 10 Year Old Heavily Peated,Scotch,67.99,8.3
Knob Creek,Knob Creek Single Barrel Reserve Bourbon,Bourbon,52.99,7.9
WhistlePig,WhistlePig 15 Year Old Straight Rye Whiskey,Rye,199.99,8.7
Russell's Reserve,Russell's Reserve 6 Year Old Small Batch Kentucky Straight Rye Whiskey,Rye,47.99,7.4
Louis XIII,Louis XIII Miniature Cognac,Cognac,567.99,9.8
Seedlip,Seedlip Garden 108,Non-alcoholic Spirit,32.99,6.3
Proper No. Twelve,Proper No. Twelve Irish Whiskey,Irish Whiskey,24.99,7.3
Breckenridge,Breckenridge Spiced Whiskey,American Whiskey,45.99,7.4
Compass Box,Compass Box The Spaniard,Scotch,63.99,8
Union Horse,Union Horse Reserve Bourbon,Bourbon,42.99,7.9
Lismore,Lismore 21 Year Old,Scotch,88.99,8.1
Balcones,Balcones Texas Rye 100 Proof,Rye,41.99,6.5
Aberlour,Aberlour Casg Annamh Batch 1,Scotch,67.99,7.5
NY Distilling Co.,Mister Katz's Rock & Rye,American Whiskey,28.99,7.6
Highland Park,Highland Park Magnus,Scotch,40.99,6.4
Highland Park,Highland Park 15 Year Old Fire Edition,Scotch,309.99,7.2
Highland Park,Highland Park Valkyrie,Scotch,79.99,7.9
Highland Park,Highland Park Viking Honour 12 Year Old,Scotch,51.99,7.2
Highland Park,Highland Park Viking Pride 18 Year Old,Scotch,151.99,8.4
Highland Park,Highland Park The Dark 17 Year Old,Scotch,250.99,8.9
The Glenrothes,The Glenrothes Bourbon Cask Reserve,Scotch,48.99,7.7
Catoctin Creek,Catoctin Creek Cask Proof Roundstone Rye Whisky,Rye,90.99,8.6
Breckenridge,Breckenridge Distiller's High Proof Blend Bourbon,Bourbon,59.99,7.9
OOLA,OOLA Waitsburg Bourbon,Bourbon,42.99,7.7
OOLA,OOLA Discourse Three Shores Whiskey,Rye,48.99,5.8
Johnnie Walker,Johnnie Walker 18 Year Old,Scotch,86.99,8.3
Barr Hill,Barr Hill Vodka,Vodka,60.99,7.8
Wigle,Wigle Pennsylvania Straight Wheat Whiskey,American Whiskey,49.99,7.8
Wigle,Wigle Single Barrel Straight Rye Whiskey,Rye,66.99,6.7
Virginia Distillery Company,Port Cask Finished Virginia Highland Whisky,American Whiskey,49.99,6.7
Virginia Distillery Company,Chardonnay Cask Finished Virginia Highland Whisky,American Whiskey,57.99,5.7
Virginia Distillery Company,Cider Cask Finished Virginia Highland Whisky,American Whiskey,62.99,6.5
Roots,Roots Tentura,Liqueur,42.99,8.8
Four Roses,Four Roses Small Batch Bourbon,Bourbon,32.99,7.7
Merlet,Merlet VSOP Cognac,Cognac,49.99,8.2
Egan's,Egan's 10 Year Old,Irish Whiskey,66.99,8.1
Egan's,Egan's Vintage Grain,Irish Whiskey,46.99,7.7
Egan's,Egan's Legacy Reserve 15 Year Old,Irish Whiskey,208.99,8.2
Copper & Kings,Copper & Kings Absinthe Alembic Blanche,Absinthe,58.99,7.5
Copper & Kings,Copper & Kings American Craft Brandy,Brandy,35.99,6.8
Copper & Kings,Copper & Kings Butchertown Brandy,Brandy,60.99,7.4
Ohishi,Ohishi Brandy Single Cask Whisky,Japanese Whisky,75.99,8.1
Moorland Spirit Co.,Hepple High Fidelity Gin,Gin,48.99,8.8
The Glenrothes,The Glenrothes 10 Year Old,Scotch,46.99,8.1
The Glenrothes,The Glenrothes 12 Year Old,Scotch,50.99,7.7
The Glenrothes,The Glenrothes Whisky Maker's Cut,Scotch,56.99,7.9
The Glenrothes,The Glenrothes 18 Year Old,Scotch,133.99,8.4
Chareau,Chareau Aloe Vera Liqueur,Liqueur,24.99,9.6
Seedlip,Seedlip Grove 42,Non-alcoholic Spirit,32.99,6.7
Balvenie,The Balvenie 21 Year Old Port Wood Finish,Scotch,244.99,9.2
Koval,Koval Cranberry Gin Liqueur,Liqueur,35.99,8.5
Game of Thrones,Game of Thrones House Tully Singleton of Glendullan Select,Scotch,34.99,7.5
Game of Thrones,Game of Thrones House Stark Dalwhinnie Winter's Frost,Scotch,39.99,7.8
Game of Thrones,Game of Thrones House Targaryen Cardhu Gold Reserve,Scotch,43.99,7.8
Game of Thrones,Game of Thrones House Lannister Lagavulin 9 Year Old,Scotch,69.99,7.6
Game of Thrones,Game of Thrones House Greyjoy Talisker Select Reserve,Scotch,57.99,7.6
Game of Thrones,Game of Thrones House Baratheon Royal Lochnagar 12 Year Old,Scotch,67.99,8
Game of Thrones,Game of Thrones House Tyrell Clynelish Reserve,Scotch,80.99,6.4
Game of Thrones,Game of Thrones The Night's Watch Oban Bay Reserve,Scotch,62.99,8.3
Prichard's,Prichard's Bourbon Liqueur Sweet Lucy,Liqueur,31.99,7.8
Basil Hayden's,Basil Hayden's Dark Rye,Rye,43.99,8
Jameson,Jameson Bow Street 18 Year Old Batch 1,Irish Whiskey,165.99,9.2
Hillrock,Hillrock Solera Aged Bourbon Whiskey,Bourbon,92.99,8.8
High West,High West Bourye Whiskey,Rye,84.99,8.2
Shakmat,Shakmat 23 Year Old,Brandy,110,8.2
Blackened,Blackened American Whiskey,American Whiskey,41.99,7.8
Peerless,Peerless Kentucky Straight Rye Whiskey (200ml),Rye,29.99,7.8
Breaker,Breaker Port Barrel Finish Bourbon Whisky,Bourbon,59.99,7.9
Rabbit Hole,Rabbit Hole Dareringer,Bourbon,79.99,8
Rabbit Hole,Rabbit Hole Cavehill Straight Bourbon Whiskey,Bourbon,60.99,8.2
Tullibardine,Tullibardine Chateauneuf du Pape,Scotch,95.99,7.9
Knob Creek,Knob Creek Twice Barreled Rye 2018,Rye,51.99,8.3
Hendrick's Gin,Hendrick's Orbium Gin,Gin,41.99,8.7
Alexander Murray,Alexander Murray Laphroaig 12 Year Old,Scotch,130.99,6.6
Highland Park,Highland Park The Light 17 Year Old,Scotch,250.99,9.2
The Macallan,The Macallan Classic Cut 2018 Limited Edition,Scotch,90.99,8.9
The Macallan,The Macallan 18 Year Old Triple Cask Matured,Scotch,309.99,8.9
Copper Fox,Copper Fox American Single Malt Whisky,American Whiskey,48.99,5.7
Compass Box,Compass Box Juveniles Limited Edition,Scotch,135.99,8.7
Old Forester,Old Forester 1910 Old Fine Whiskey,Bourbon,58.99,8.2
Jefferson's,Jefferson's Reserve Old Rum Cask Finish Bourbon,Bourbon,97.99,8.5
Wyoming Whiskey,Wyoming Whiskey Double Cask,American Whiskey,64.99,8.3
Wyoming Whiskey,Wyoming Whiskey Outryder,American Whiskey,75.99,7.3
Fukano,Fukano Vault Reserve Whisky #1,Japanese Whisky,82.99,7.3
Oppidan Spirits,Oppidan Four Grain Small Batch Bourbon,Bourbon,55.99,7.2
Cooperstown Distillery,Cooperstown Doubleday Baseball Bourbon,Bourbon,35.99,6.9
Mizu,Mizu Shochu Green Tea,Spirit,42.99,7.1
Kodama,Toji Junpei Tezukuri Shochu,Spirit,51.99,7.4
Kuroki Honten,Yamasemi Kingfisher Rice Shochu,Spirit,44.99,7.5
Munemasa,Mizu Shochu Lemongrass,Spirit,38.99,7.3
Watanabe,Kuro-Koji Asahi-Mannen Shochu,Spirit,42.99,6.2
Yanagita,The Yanagita Koma Honkaku Barley Shochu,Spirit,23.99,6.8
Ao,Ao Vodka,Vodka,49.99,8.7
Nikka,Nikka Coffey Vodka,Vodka,39.99,8.3
Etsu,Etsu Gin,Gin,44.99,8.8
Nikka,Nikka Coffey Gin,Gin,47.99,8.8
Akashi,Akashi Single Malt Whisky,Japanese Whisky,114.99,8.8
Kavalan,Kavalan Distillery Select,Taiwanese Whisky,49.99,7.1
Glenmorangie,Glenmorangie Allta Private Edition No. 10,Scotch,100.99,8.6
Jameson,Jameson The Distiller's Safe,Irish Whiskey,68.99,7.6
Minor Case,Minor Case Rye,American Whiskey,37.99,8.1
Legent,Legent Bourbon,Bourbon,43.99,7.8
Iron Smoke,Iron Smoke Casket Strength,Bourbon,80.99,7.8
Noble Oak,Noble Oak Double Oak Bourbon Whiskey,Bourbon,31.99,7.5
Kubler & Wyss,Kubler & Wyss Absinthe,Absinthe,66.99,7
Glenmorangie,Glenmorangie Spìos Private Edition Single Malt,Scotch,96.99,7.7
Bulleit,Bulleit Barrel Strength,Bourbon,46.99,7.7
Grande Absente,Grande Absente,Absinthe,75.99,8.3
Combier Distillery,Lucid Absinthe Supérieure,Absinthe,70.99,7.7
Absenthe,Absente Refined,Absinthe,41.99,7.7
Iron Smoke,Rattlesnake Rosie's Maple Bacon,American Whiskey,40.99,6.5
Oppidan Spirits,Oppidan Bourbon Smoke + Sea,Bourbon,50.99,7.7
Oppidan Spirits,Oppidan Bourbon Solera Aged,American Whiskey,50.99,7.4
Wahaka,Wahaka Mezcal Espadín,Mezcal,41.99,7.6
Patique,Patique Cherry Liqueur,Liqueur,33.99,8.7
Crown Royal,Crown Royal Noble Collection 13 year old Blenders' Mash,Canadian Whisky,67.99,8.4
Old Forester,Old Forester Rye,Rye,26.99,7.2
Turquoise Bay,Turquoise Bay Amber Rum,Rum,32.99,7.4
WhistlePig,WhistlePig PiggyBack Rye,Rye,50.99,8.2
Journeyman,Journeyman Whiskey Buggy Whip Wheat,American Whiskey,51.99,7.6
Journeyman,Journeyman Silver Cross Whiskey,American Whiskey,48.99,7.1
Virgil Kaine,Virgil Kaine Roundhouse Double Barrel,American Whiskey,64.99,7.2
Virgil Kaine,Virgil Kaine Robber Baron Rye,Rye,40.99,7.6
Balcones,Balcones Texas Pot Still Bourbon,Bourbon,30.99,7.4
Kaiyo,Kaiyo Japanese Mizunara Oak,Japanese Whisky,66.99,7.3
Ming River,Ming River Sichuan Baijiu,Baijiu,45.99,4.3
Viva XXXII,Viva XXXII Tequila Joven,Tequila,39.99,7.9
Sagamore Spirit,Sagamore Spirit Rye Double Oak,Rye,60.99,8.1
Bunnahabhain,Bunnahabhain Toiteach a Dhà,Scotch,72.99,8.3
Bulleit,Bulleit 12 Year Old Rye Whiskey,Rye,62.99,7.8
Suntory,Suntory Haku Vodka,Vodka,29.99,8.7
Kweichow Moutai,Kweichow Moutai Baijiu,Spirit,234.99,8.6
Freeland Spirits,Freeland Spirits Bourbon,Bourbon,44.99,7.8
Freeland Spirits,Freeland Spirits Gin,Gin,43.99,8.5
Sagamore Spirit,Sagamore Spirit Rye Port Finish,Rye,65.99,7.8
Pusser's,Pusser's 15 Year Old The Crown Jewel,Rum,82.99,8.9
Basil Hayden's,Basil Hayden's Kentucky Straight Bourbon Whiskey,Bourbon,22.99,7.8
Barrell Dovetail,Barrell Dovetail,Bourbon,90.99,8.3
Traverse City Whiskey Co.,Traverse City Straight Bourbon,Bourbon,41.99,7.7
Hennessy,Hennessy Master Blender's Selection No. 3 Limited Edition Cognac,Cognac,90.99,8.9
Rogue,Rogue Rolling Thunder Stouted Whiskey,American Whiskey,69.99,8
Armorik,Armorik Double Maturation,French Whisky,78.99,8.2
Corsair,Corsair Wildfire,American Whiskey,46.99,6
Starward,Starward Nova Single Malt,Australian Whisky,47.99,7.5
Gouden Carolus,Gouden Carolus Belgian Single Malt Whisky,Belgian Whisky,57.99,6.7
Knappogue Castle,Knappogue Castle 12 Year Old Marsala Cask,Irish Whiskey,84.99,8.4
Knappogue Castle,Knappogue Castle 21 Year Old,Irish Whiskey,198.99,8
Uncle Nearest,Uncle Nearest 1856 Premium Aged Whiskey,American Whiskey,59.99,8.4
Heaven's Door,Heaven's Door Straight Tennessee Bourbon,Bourbon,45.99,8
Amrut,Amrut Two Indies Rum,Rum,31.99,7.1
Plantation,Plantation Rum Peru Vintage 2004,Rum,61.99,8.3
Novo Fogo,Novo Fogo Barrel Aged Cachaça,Cachaça,41.99,6.4
Wild Tiger,Wild Tiger Rum Special Reserve,Rum,22.99,7.8
Plantation,Plantation Rum Jamaica Vintage Edition,Rum,59.99,7.9
Single Cask Nation,Single Cask Nation Rum 18 Year,Rum,155.99,0
Skrewball Whiskey,Skrewball Peanut Butter Flavored Whiskey,American Whiskey,24.99,7.5
Heritage Distilling,BSB Brown Sugar Bourbon,Bourbon,21.99,6.9
High West,High West Bourye Limited Sighting,Rye,84.99,8.4
Hendrick's Gin,Hendrick's Midsummer Solstice,Gin,37.99,8.6
Cream of Kentucky,Cream of Kentucky 11.5 Year Old,Bourbon,160.99,8.3
Hardshore,Hardshore Original Gin,Gin,35.99,7.5
Probitas,Probitas White Blended Rum,Rum,31.99,8
Mi Campo,Mi Campo Reposado Tequila,Tequila,21.99,8.4
Mi Campo,Mi Campo Blanco Tequila,Tequila,23.99,8.3
Casamigos,Casamigos Blanco Tequila,Tequila,41.99,8.1
Boone's,Boone's Bourbon,Bourbon,49.99,7.4
Johnnie Walker,Johnnie Walker Blue Label Ghost and Rare Port Ellen,Scotch,401.99,8.7
Orphan Barrel,Orphan Barrel Forager's Keep,Scotch,401.99,9.5
Crooked Water,Crooked Water Old Hell Roaring,Bourbon,56.99,8.2
Crown Royal,Crown Royal French Oak Cask Finished,Canadian Whisky,66.99,7.2
Ving,Ving Kale Lemon Peel & Cucumber Vodka,Vodka,43.99,7.9
Mr. Black,Mr. Black Cold Brew Coffee Liqueur,Liqueur,32.99,8.8
Garrison Brothers,Garrison Brothers Boot Flask,Bourbon,39.99,8.2
Old Elk,Old Elk Bourbon,Bourbon,50.99,7.9
Bumbu,Bumbu XO Rum,Rum,42.99,8.4
Mackinlay's,Mackinlay's Shackleton Blended Malt Scotch Whisky,Scotch,33.99,7.1
Woodinville,Woodinville Straight Bourbon Whiskey,Bourbon,41.99,8
Woodinville,Woodinville Straight Rye Whiskey,Rye,41.99,7.9
Ving,VING Farm Fresh Corn,Vodka,32.99,7.3
Virgil Kaine,Virgil Kaine Ginger Infused Bourbon,Bourbon,36.99,7.5
Virgil Kaine,Virgil Kaine Rip Track Bourbon,Bourbon,38.99,7
Horse Soldier,Horse Soldier Barrel Strength Bourbon,Bourbon,88.99,8.1
Ardbeg,Ardbeg Drum Limited Edition,Scotch,159.99,8.2
Sazerac,Sazerac Mister Sam Tribute,American Whiskey,999.99,9
Balvenie,The Balvenie The Week of Peat 14 Year Old,Scotch,97.99,8.4
Balvenie,The Balvenie A Day of Dark Barley 26 Year Old,Scotch,794.99,8.8
Balvenie,The Balvenie The Sweet Toast of American Oak 12 YO,Scotch,66.99,8.3
Peerless,Kentucky Peerless Straight Bourbon,Bourbon,78.99,8.4
Powers,Powers Three Swallow,Irish Whiskey,47.99,8
Writers Tears,Writers' Tears Double Oak,Irish Whiskey,60.99,8.3
Hotaling & Co.,Old Potrero 18th Century Style Rye Spirit,Rye,68.99,7.4
Compass Box,Compass Box Affinity,Spirit,135.99,7.5
Pinhook,Pinhook Straight Rye,Rye,40.99,7.8
The Glenlivet,The Glenlivet Enigma 4th Edition,Scotch,119.99,8.7
Heaven's Door,Heaven's Door Tennessee Bourbon Whiskey 10 Year Old,Bourbon,146.99,7.7
Basil Hayden's,Basil Hayden's Caribbean Reserve Rye,Spirit,47.99,7.3
Glendalough,Glendalough Rose Gin,Gin,33.99,9
The Glenlivet,The Glenlivet 14 Year Cognac Cask Selection,Scotch,52.99,8.2
Rabbit Hole,Rabbit Hole Boxergrail,Rye,50.99,8.1
WhistlePig,WhistlePig FarmStock Rye Crop No. 003,Rye,66.99,8.6
Boodles,Boodles Mulberry Gin,Gin,28.99,8.4
Boodles,Boodles British Gin,Gin,25.99,8.6
Journeyman,Journeyman Not a King Rye,Rye,54.99,7.6
Journeyman,Journeyman Red Arrow,Vodka,34.99,6.3
Kilchoman,Kilchoman STR,Scotch,125.99,8.8
W.L. Weller,Weller Full Proof Wheated Bourbon,Bourbon,343.99,7.9
Buffalo Trace,Weller Antique 107 Wheated Bourbon,Bourbon,107.99,8.4
Dos Hombres,Dos Hombres Mezcal,Mezcal,60.99,7.9
Hennessy,Hennessy V.S Limited Edition by Felipe Pantone Cognac,Cognac,51.99,7
Johnnie Walker,Johnnie Walker Blue Label Ghost and Rare Port Glenury Royal,Scotch,417.99,9.1
Highland Park,Highland Park Twisted Tattoo 16 Year Old,Scotch,100.99,8.2
Singani 63,Singani 63 Brandy,Brandy,27.99,6.7
Larga Vida,Larga Vida XO Rum 2019 Edition,Rum,66,8.2
Mars,Mars Iwai 45 Whisky,Japanese Whisky,40.99,8.3
Duke Bourbon,Duke Small Batch Bourbon,Bourbon,37.99,8
Woodford Reserve,Woodford Reserve Wheat Whiskey,Bourbon,31.99,7.6
Uncle Nearest,Uncle Nearest 1884 Premium Small Batch Whiskey,American Whiskey,46.99,8.7
Jefferson's,Jefferson's Ocean Special Wheated Voyage 19,Bourbon,84.99,8.3
Glenallachie,GlenAllachie 18 Year Old,Scotch,141.99,4.9
Glenallachie,GlenAllachie 12 Year Old,Scotch,47.99,8.4
Glenallachie,GlenAllachie 10 Year Old Cask Strength Batch 1,Scotch,59.99,8.1
Empress 1908,Empress 1908 Indigo Gin,Gin,41.99,9
Glenmorangie,Glenmorangie Quinta Ruban 14 Year Old,Scotch,58.99,8.2
WhistlePig,WhistlePig Double Malt 18 Year Old,Rye,372.99,9
Hardy,Hardy Cognac Noces d'Argent,Cognac,200.99,9.8
Hardy,Hardy Cognac XO Rare Cognac Fine Champagne,Cognac,136.99,9
Lexington,Lexington Bourbon,Bourbon,40.99,6.8
Pinhook,Pinhook Bourbon War 4 Year Old,Bourbon,49.99,7.9
Maggie's Farm,Maggie's Farm 50/50 Dark Rum,Rum,36.99,7.8
Bushido Whisky,Meiyo Single Grain Whisky 17 Year Old,Japanese Whisky,343.99,8.7
Argonaut,Argonaut Speculator Brandy,Brandy,42.99,7
Rabbit Hole,Rabbit Hole Heigold Bourbon,Bourbon,60.99,8.2
Wolfburn,Wolfburn Morven,Scotch,65.99,7
Wolfburn,Wolfburn Langskip,Scotch,88.99,7.2
Parker's Heritage Collection,Parker's Heritage Collection 13th Edition 8 Year Old Rye,Rye,378.99,9
WhistlePig,WhistlePig X Flaviar Chef's Blend 2019,Rye,129.99,8.7
Knob Creek,Knob Creek Quarter Oak,Bourbon,50.99,7.6
Hyde,Hyde 6 Year Old No.3 The Áras Cask,Irish Whiskey,61.99,7.1
Kings County,Kings County Straight Bourbon,Bourbon,69.99,7.5
Hardy,Hardy Cognac Legend 1863,Cognac,50.99,8.5
PAU,Pau Maui Vodka,Vodka,21.99,6.7
Pisco Logia,Pisco Logia Acholado,Brandy,42.99,7.6
Death Wish Coffee,Death Wish Coffee Flavored Vodka,Vodka,42.99,7.3
Cyril Zangs,Cyril Zangs 00 Cider Eau de Vie,Spirit,91.99,5.2
Château de Léberon,Château de Léberon Solera 2001 Armagnac,Armagnac,102.99,7.6
Roger Groult,Roger Groult Calvados Pays d'Auge 3 Year Old,Brandy,60.99,7
Guillon Painturaud,Guillon-Painturaud VSOP Cognac,Cognac,66.99,8.1
Four Roses,Four Roses Small Batch Limited Edition 2019,Bourbon,401.99,8.9
Compass Box,Compass Box No Name No.2,Scotch,147.99,8.6
Glenfiddich,Glenfiddich Grand Cru,Scotch,315.99,9
Spirits of the Apocalypse,The Walking Dead Bourbon,Bourbon,17.99,7.4
Johnnie Walker,Johnnie Walker Blue Label Ghost and Rare Brora,Scotch,343.99,8.7
Jefferson's,Jefferson's Twin Oak Kentucky Straight Bourbon,Bourbon,86.99,7.9
Don Julio,Don Julio Reposado Double Cask Lagavulin Finish,Tequila,59.99,8.4
Stronachie,Stronachie 10 Year Old,Scotch,46.99,6.9
Heaven's Door,Heaven's Door Double Barrel,American Whiskey,47.99,7.3
Johnnie Walker,John Walker & Sons XR 21 Year Old,Scotch,162.99,9
Royal Brackla,Royal Brackla 16 Years Old,Scotch,139.99,8.3
The Macallan,The Macallan Edition No.5,Scotch,131.99,8.3
El Buho,El Buho Especial Cuishe,Mezcal,55.99,9
Misunderstood Whiskey Co.,Misunderstood Ginger Spiced Whiskey,American Whiskey,35.99,8.7
Highclere Castle Spirits,Highclere Castle Gin,Gin,43.99,9.2
Sagamore Spirit,Sagamore Spirit Cognac Finish,Rye,67.99,8
Rockey's,Rockey's Milk Punch,Liqueur,24.99,8.4
Pinhook,Pinhook Rye Humor Cask Strength Rye,Rye,49.99,8.5
Willett,Willett Pot Still Reserve (1.75l),Bourbon,100.99,8.6
Barrell Craft Spirits,Barrell Whiskey American Vatted Malt,American Whiskey,84.99,7.9
WhistlePig,WhistlePig Boss Hog Edition 六: The Samurai Scientist,Rye,490.99,9.7
Cotswolds,Cotswolds Founder's Choice,English Whisky,75.99,9.2
Westward Whiskey,Westward Whiskey Oregon Stout Cask,American Whiskey,96.99,8.9
Ardbeg,Ardbeg Traigh Bhan 19 Year Old 2019 Edition,Scotch,309.99,9.6
Smooth Ambler,Smooth Ambler Old Scout Straight Bourbon,Bourbon,46.99,7.7
Hine,Hine Homage Grand Cru Fine Champagne Cognac,Cognac,150.99,3.9
Mortlach,"Mortlach 16 Year ""Distiller's Dram""",Scotch,119.99,9.6
Heaven's Door,Heaven's Door Bootleg - 2019 Limited Edition Gift Box,American Whiskey,493.99,7.8
Mortlach,Mortlach 12 Year Old “The Wee Witchie”,Scotch,57.99,8.4
Breckenridge,Breckenridge Single Barrel Bourbon Whiskey,Bourbon,110.99,8
Bardstown Bourbon,"Bardstown Bourbon ""Discovery"" Series #1",Bourbon,147.99,9.1
Aberlour,Aberlour Abunadh Alba,Scotch,84.99,8.7
Johnnie Walker,Johnnie Walker Blue Label Year Of The Rat Limited Edition,Scotch,222.99,8.9
Hercules Mulligan,Hercules Mulligan Rum & Rye,Spirit,38,8.1
Monfleurie,Monfleurie Cognac 1960 Grande Champagne,Cognac,2887.99,10
Waterloo,Waterloo Antique Gin,Gin,31.99,8.5
Waterloo,Waterloo Old Yaupon Gin,Gin,26.99,9.1
Waterloo,Waterloo No. 9 Gin,Gin,24.99,0
Treaty Oak,Treaty Oak Ghost Hill Texas Bourbon,Bourbon,49.99,7.2
Treaty Oak,Treaty Oak Red Handed Bourbon,Bourbon,43.99,9
Treaty Oak,Treaty Oak Red Handed Rye 10 Year Old,Rye,49.99,0
Few,Few Cold Cut Bourbon,Bourbon,44.99,8.1
Tres Comas,Tres Comas Anejo Tequila,Tequila,37.99,8.1
Game of Thrones,Game Of Thrones Six Kingdoms Mortlach 15 Year Old,Scotch,135.99,9.1
Knob Creek,Knob Creek 12 Year Old Bourbon,Bourbon,60.99,7.9
Riazul,Riazul Extra Anejo Tequila,Tequila,147.99,9
Kirk and Sweeney,Kirk and Sweeney XO Rum,Rum,210.99,8.4
Casa Dragones,Casa Dragones Tequila Blanco (375ml),Tequila,40.99,9.4
Bobby's Gin Company,Bobby's Schiedam Jenever Dry Gin,Gin,43.99,8.4
iichiko,iichiko Shochu Saiten,Spirit,31.99,4.7
El Tesoro de Don Felipe,El Tesoro Extra Añejo Tequila,Tequila,97.99,9
Black Button,Black Button Four Grain Bourbon,Bourbon,59.99,7.6
Compass Box,Compass Box Myths & Legends I,Scotch,153.99,9
Compass Box,Compass Box Myths & Legends II,Scotch,153.99,9
Compass Box,Compass Box Myths & Legends III,Scotch,153.99,10
Elephant,Elephant Strength Gin - Navy Strength,Gin,49.99,9.2
Old Fitzgerald,Old Fitzgerald 15 Year Old Bottled In Bond Bourbon,Bourbon,510.99,8.7
Fukano,Fukano Vault Reserve #2,Japanese Whisky,82.99,7.6
New Riff,New Riff Kentucky Straight Bourbon,Bourbon,43.99,8.2
Koval,Koval Single Barrel Oat Whiskey,American Whiskey,49.99,8.5
Belle Meade,Belle Meade Cask Strength Reserve Bourbon,Bourbon,69.99,7.9
New Riff,New Riff Single Barrel Bourbon,Bourbon,61.99,8.1
New Riff,New Riff Straight Rye,Rye,45.99,8.2
Isaac Bowman,Isaac Bowman Port Barrel Finished Bourbon,Bourbon,46.99,8.1
Compass Box,Compass Box The Circle I,Scotch,148.99,5.8
Barrell Craft Spirits,Barrell Bourbon 15 Year Old Cask Strength,Bourbon,257.99,8.5
Matsui Shuzo,Matsui The Peated,Japanese Whisky,89.99,7.5
Penelope Bourbon,Penelope Bourbon Four Grain,Bourbon,40.99,7.1
Penelope Bourbon,Penelope Bourbon Four Grain Barrel Strength,Bourbon,68.99,7.3
Batiste Rhum,Batiste Rhum Silver,Rum,26.99,7
Batiste Rhum,Batiste Rhum Gold,Rum,30.99,10
Foursquare,Foursquare 2007 Single Blended Rum,Rum,81.99,9
Jameson,Jameson Cold Brew,Irish Whiskey,27.99,7.2
Glenmorangie,Glenmorangie The Cadboll Estate 15 Year Old,Scotch,86.99,9
Harahorn,Harahorn Gin,Gin,41.99,8.7
Old Bardstown,Old Bardstown Estate Bottled,Bourbon,34.99,7.1
The Classic Cask,The Classic Cask 23 Year Old Original Cask,Scotch,176.99,8.1
The Classic Cask,The Classic Cask 23 Year Old Caribbean Rum Finish,Scotch,153.99,8.1
The Classic Cask,The Classic Cask 23 Year Old Oloroso Sherry Finish,Scotch,153.99,8.9
The Classic Cask,The Classic Cask 23 Year Old Port Finish,Scotch,176.99,8.7
Redemption,Redemption 10 Year Old Barrel Proof High Rye,Bourbon,90.99,7.1
Southwind,Southwind Moonshine,Moonshine,48,6.2
Republic Restoratives,Borough Bourbon Batch 3,Bourbon,55.99,0
Kaiyo,Kaiyo The Single Japanese Mizunara Oak Whisky,Japanese Whisky,55.99,7.1
Bushido Whisky,Makoto Single Grain 23 Year Old Japanese Whisky,Japanese Whisky,669.99,9.1
Whitley Neill,Whitley Neill Blood Orange Handcrafted Dry Gin,Gin,31.99,8.2
Canadian Club,Canadian Club Chronicles Issue no.2,Canadian Whisky,309.99,10
Kentucky Owl,Kentucky Owl Straight Bourbon Whiskey Batch No.9,Bourbon,361.99,10
Johnnie Walker,Jane Walker 2.0 - 10 Year Old,Scotch,33.99,7.6
Rogue,Rogue Spirits Dead Guy Whiskey,American Whiskey,48.99,7.8
Rogue,Rogue Spirits Oregon Single Malt Whiskey,American Whiskey,62.99,8.5
Rogue,Rogue Spirits Oregon Rye Malt Whiskey,Rye,59.99,10
Buffalo Trace,Buffalo Trace Bourbon 1750ml,Bourbon,66.99,8.1
291 Colorado Whiskey,291 Colorado Barrel Proof Bourbon Whiskey,Bourbon,95.99,7.2
House of Elrick,House of Elrick Gin,Gin,44.99,7.3
Teeling,Teeling Single Pot Still Whiskey,Irish Whiskey,61.99,8.1
Pinhook,Pinhook Rye'd On,American Whiskey,41.99,8.5
Amethyst,Amethyst Handcrafted Lavender Gin,Gin,37.99,7.7
The Macallan,The Macallan Classic Cut 2019 Limited Edition,Scotch,92.99,8
Redbreast,Redbreast 27 Year Old,Irish Whiskey,470.99,9.4
Fukano,Fukano 10 Year Old,Japanese Whisky,90.99,7.7
Knob Creek,Knob Creek Cask Strength Rye Whiskey,Rye,72.99,7.4
Wigle,Wigle Pennsylvania Wheat Whiskey,American Whiskey,52.99,7.8
R6,R6 Bourbon Whiskey,Bourbon,49.99,9.1
Alfred Giraud,Alfred Giraud Heritage French Malt Whisky,French Whisky,160.99,0
Devil's River,Devils River Barrel Strength Texas Bourbon Whiskey,Bourbon,26.99,7.6
Devil's River,Devils River Rye Whiskey,Rye,26.99,7
Alexander Murray,Alexander Murray Glenlossie 19 Year Old 1997,Scotch,130.99,7.3
Filibuster,Filibuster Dual Cask Rye Whiskey,Rye,49.99,7
Bulleit,Bulleit Blenders' Select No. 001,Bourbon,54.99,8.1
Glendalough,Glendalough 25 Year Old,Irish Whiskey,794.99,0
Redemption,Redemption Wheated Bourbon,Bourbon,50.99,6.8
Paul John,Paul John Nirvana Single Malt Indian Whisky,Indian Whisky,33.99,7.3
Coldfoot,Coldfoot American Single Malt Whiskey,American Whiskey,99.99,8.8
Woodford Reserve,Woodford Reserve Kentucky Straight Malt Whiskey,American Whiskey,32.99,7.1
Heaven Hill,Heaven Hill 6 Year Old Green Label,Bourbon,37.99,6.4
Old Forester,Old Forester Signature Bourbon 100 Proof,Bourbon,26.99,7
Sagamore Spirit,Sagamore Spirit Rye Calvados Finish,Rye,69.99,0
Five & 20,Five & 20 Straight Rye Whiskey,Rye,37.99,0
Five & 20,Five & 20 Straight Bourbon Whiskey,Bourbon,37.99,3.5
Five & 20,Five & 20 Port Finish Rye Whiskey,Rye,64.99,0
John Emerald,John Emerald Alabama Single Malt Whiskey,American Whiskey,49.99,8.8
291 Colorado Whiskey,291 Colorado Single Barrel Bourbon Whiskey,Bourbon,74.99,7
291 Colorado Whiskey,291 Colorado Single Barrel Rye Whiskey,Rye,74.99,8.8
Dewar's,Dewar's 15 Year Old,Scotch,41.99,7.5
Royal Brackla,Royal Brackla 12 Year Old,Scotch,84.99,0
Bacardi,Bacardi Gran Reserva Diez,Rum,42.99,7.7
Noble Oak,Noble Oak Rye Whiskey,Rye,37.99,8.1
Aberfeldy,Aberfeldy 16 Year Old,Scotch,96.99,8
W.L. Weller,W.L. Weller 12 Year Old Wheated Bourbon Whiskey,Bourbon,280.99,8.5
Compass Box,Compass Box Rogues' Banquet Scotch Whisky,Scotch,232.99,10
Kings County,Kings County Chocolate Whiskey,Moonshine,43.99,6
Golden Moon,Golden Moon Triple Colorado Single Malt Whiskey,American Whiskey,90.99,0
Gun Fighter,Gun Fighter 13 Bourbon Whiskey,Bourbon,113.99,0
Gun Fighter,Gun Fighter Double Cask Bourbon Whiskey,Bourbon,49.99,0
Gun Fighter,Gun Fighter Double Cask Rye Whiskey,Rye,49.99,0
Rhine Hall,Rhine Hall Pear Brandy,Brandy,62.99,0
Antelope Island,Antelope Island Rum,Rum,20.99,0
Woodinville,Woodinville Bourbon Port Cask Finish,Bourbon,57.99,8.5
The Glenlivet,The Glenlivet Caribbean Reserve,Scotch,39.99,7.7
Highland Park,Highland Park 12 Year Old Flaviar Edition 2020,Scotch,209.99,7.8
Teremana,Teremana Tequila Blanco,Tequila,30.99,8.7
Knob Creek,Knob Creek 9 Year Old Small Batch Bourbon,Bourbon,32.99,6.9
Ginny’s Gin,Ginny's Gin,Gin,33.99,0
Heritage Distilling,BSB 103 Brown Sugar Bourbon,Bourbon,26.99,7
Villa One,Villa One Tequila Silver,Tequila,36.99,0
Villa One,Villa One Tequila Añejo,Tequila,49.99,0
Villa One,Villa One Tequila Reposado,Tequila,39.99,0
Ardbeg,Ardbeg 5 Year Old Wee Beastie,Scotch,49.99,8
Quarantine Vodka,Quarantine Vodka,Vodka,27.99,8
Holmes Cay,Holmes Cay Barbados 2005 Single Cask Rum,Rum,147.99,10
Balcones,Balcones Blue Corn Bourbon,Bourbon,99,0
WhistlePig,WhistlePig Homestock Whiskey,American Whiskey,67.99,6.7
Our/Vodka,Our/Vodka New York (750ml),Vodka,32.99,10
Ten To One,Ten To One Caribbean White Rum,Rum,29.99,0
Ten To One,Ten To One Caribbean Dark Rum,Rum,44.99,0
Our/Vodka,Our/Vodka Los Angeles (750ml),Vodka,31.99,0
Dewar's,Dewar's 8 Year Old Ilegal Smooth,Scotch,23.99,0
Alfred Giraud,Alfred Giraud Harmonie French Malt Whisky,French Whisky,193.99,0
Dewar's,Dewar's 18 Year Old,Scotch,54.99,0
Dewar's,Dewar's 8 Year Old Caribbean Rum Cask Finish,Scotch,23.99,7
Diplomático,Diplomatico N°1 Batch Kettle Rum,Rum,72.99,0
Diplomático,Diplomatico N°2 Barbet Rum,Rum,72.99,0
Diplomático,Diplomatico N°3 Pot Still Rum,Rum,84.99,0
Oban,Oban 14 Year Old,Scotch,74.99,8.2
The Dalmore,The Dalmore Cigar Malt Reserve,Scotch,152.99,8.2
Connemara,Connemara Peated,Irish Whiskey,43.99,6.5
Grant's,Grant's Ale Cask Finish,Scotch,23.99,7.5
Balvenie,The Balvenie Scotch Single Malt 17 Year Doublewood,Scotch,158.99,8.8
Knappogue Castle,Knappogue Castle 12 Year Old,Irish Whiskey,39.99,7.9
Cutty Sark,Cutty Sark Prohibition,Scotch,34.99,7.6
Jameson,Jameson Caskmates Stout Edition,Irish Whiskey,27.99,7.5
Frérot,Frérot Cognac XO Assemblage de Crus,Cognac,170,8.1
Magellan,Magellan Gin,Gin,31.99,7.5
Kentucky Owl,Kentucky Owl Straight Rye Whiskey Batch No. 2,Rye,198.99,8.7
Willett,Willett Family Estate 4 Year Old Small Batch Straight Rye Whiskey,Rye,66.99,8.7
Johnnie Walker,Johnnie Walker The White Walker Edition,Scotch,24.99,7
The Macallan,The Macallan 18 Year Old Sherry Oak,Scotch,309.99,9.2
Louis XIII,Louis XIII Cognac,Cognac,3331.99,9.4
Diplomático,Diplomático Reserva Exclusiva,Rum,38.99,8.3
Four Roses,Four Roses Single Barrel Bourbon,Bourbon,43.99,7.9
Ledaig,Ledaig 10 Year Old,Scotch,60.99,8.2
Caol Ila,Caol Ila 12 Year Old,Scotch,64.99,7.9
Dalwhinnie,Dalwhinnie 15 Year Old,Scotch,55.99,7.4
Lagavulin,Lagavulin 16 Year Old,Scotch,94.99,7.8
Tomatin,Tomatin 18 Year Old,Scotch,95.99,8.5
Tyrconnell,Tyrconnell 10 Year Old Sherry Cask Finish,Irish Whiskey,76.99,7.8
Midleton,Midleton Irish Whiskey Barry Crockett Legacy,Irish Whiskey,234.99,9
Willett,Willett Pot Still Reserve,Bourbon,52.99,7.8
Kilchoman,Kilchoman Machir Bay,Scotch,60.99,5.6
James E. Pepper,James E. Pepper 1776 100 Proof Rye Whiskey,Rye,28.99,7.9
Glenfarclas,Glenfarclas 17 Year Old,Scotch,101.99,8.4
Mortlach,Mortlach Rare Old,Scotch,233.99,7.4
Glendalough,Glendalough Double Barrel Irish Whiskey,Irish Whiskey,39.99,8
Suntory,Suntory Hibiki Harmony,Japanese Whisky,86.99,8.3
Charbay,Charbay R5 Hop Flavored Whiskey,American Whiskey,66.99,6.3
Clement,Clement Cuvee Homere Rhum,Rum,99.99,7.8
Kirk and Sweeney,Kirk and Sweeney 18 Year Old Rum,Rum,42.99,8.5
New Holland Artisan Spirits,New Holland Beer Barrel Bourbon,Bourbon,28.99,7.3
Cooperstown Distillery,Beanball 6 Year Old Bourbon,Bourbon,33.99,6.9
Wood's High Mountain Distillery,Wood's Tenderfoot American Malt Whiskey,American Whiskey,54.99,7.6
Tullibardine,Tullibardine 225 Sauternes Finish Scotch,Scotch,57.99,7.1
Barbancourt,Barbancourt 15 Estate Reserve Rhum,Rum,49.99,8.2
Chapter 7,Chapter 7 Highland Small Batch 19 Year Old,Scotch,175.99,7.1
Westland,Westland Sherry Wood American Single Malt Whiskey,American Whiskey,66.99,7.2
Glenfiddich,Glenfiddich IPA Experiment,Scotch,47.99,7.2
Aviation,Aviation Gin,Gin,24.99,7.6
Jefferson's,Jefferson's Reserve Very Old Small Batch Bourbon,Bourbon,47.99,8.3
Widow Jane,Widow Jane 10 Year Old Straight Bourbon Whiskey,Bourbon,61.99,7.7
Tuthilltown Spirits,Hudson Baby Bourbon Whiskey,Bourbon,37.99,6.9
Bib & Tucker,Bib & Tucker 6 Year Old Small Batch Bourbon,Bourbon,48.99,7.6
Highland Park,Highland Park Full Volume,Scotch,90.99,8
Nikka,Nikka Coffey Malt Whisky,Japanese Whisky,76.99,8.3
Breckenridge,Breckenridge PX Sherry Cask Finish Bourbon,Bourbon,60.99,7.9
Peerless,Peerless Kentucky Straight Rye Whiskey,Rye,101.99,8.6
Ledaig,Ledaig 19 Year Old Marsala Cask Finish,Scotch,197.99,8.1
Ohishi,Ohishi Sherry Single Cask Whisky,Japanese Whisky,81.99,7.3
Johnnie Walker,Johnnie Walker Black Label The Jane Walker Edition,Scotch,34.99,6.9
Baker's,Baker's 7 Year Old Bourbon,Bourbon,57.99,7.9
Russell's Reserve,Russell's Reserve Single Barrel Bourbon Whiskey,Bourbon,59.99,7.9
Westland,Westland American Oak Single Malt Whiskey,American Whiskey,64.99,7.6
Wild Turkey,Wild Turkey Kentucky Spirit Single Barrel Bourbon Whiskey,Bourbon,44.99,8.1
Journeyman,Journeyman Last Feather Rye Whiskey,Rye,50.99,7.2
Bulleit,Bulleit Straight Bourbon Whiskey,Bourbon,24.99,7.4
Bluecoat,Bluecoat American Dry Gin,Gin,28.99,8.3
Bulleit,Bulleit Straight Rye Mash Whiskey,Rye,24.99,7.4
Monkey 47,Monkey 47 Schwarzwald Dry Gin (1L Bottle),Gin,66.99,9.3
Wolfburn,Wolfburn Aurora,Scotch,42.99,6.5
Charbay,Charbay Double & Twisted Whiskey,American Whiskey,48.99,7.4
Nelson's Green Brier,Belle Meade Madeira Cask Finish Bourbon,Bourbon,80.99,8
Wild Turkey,Wild Turkey Longbranch Small Batch Bourbon,Bourbon,36.99,7.7
Deanston,Deanston 18 Year Old Bourbon Cask Finish,Scotch,132.99,9.1
Elijah Craig,Elijah Craig Barrel Proof Bourbon,Bourbon,68.99,8.3
The Glenlivet,The Glenlivet 12 Year Old First Fill Exclusive Edition,Scotch,45.99,8.2
Yellowstone,Yellowstone Select Bourbon,Bourbon,39.99,7.7
Orphan Barrel,Orphan Barrel Rhetoric 24 Year Old Bourbon,Bourbon,343.99,8.6
Angostura,Angostura 1919 Rum (8 Year Old),Rum,38.99,8.5
Ichiro's Malt,Ichiro's Malt Grain & Malt,Japanese Whisky,101.99,8.3
Speyburn,Speyburn Bradan Orach,Scotch,26.99,7.1
Del Maguey,Del Maguey Minero,Mezcal,83.99,9.2
Jim Beam,Jim Beam Distillers Masterpiece Sherry Cask Finished Bourbon,Bourbon,458.99,8.1
Ron Botran,Ron Botran 18 Year Old Solera 1893,Rum,37.99,8.1
Selvarey,SelvaRey Cacao Rum,Rum,24.99,8.3
Chivas Regal,Chivas Regal Royal Salute 21 Year Old,Scotch,230.99,8.7
Bushmills,Bushmills 21 Year Old,Irish Whiskey,187.99,8.9
Zafra Rum,Zafra 30 Year Old,Rum,187.99,9.2
Rémy Martin,Rémy Martin 1738 Accord Royal Cognac,Cognac,61.99,8.2
Thames Distillers,Fifty Pounds London Dry gin,Gin,30.99,8.6
Martin's,Martin Miller's Westbourne Strength Gin,Gin,38.99,8.5
Johnnie Walker,Johnnie Walker Blue Label,Scotch,191.99,8.4
Stranahan's,Stranahan's Colorado Whiskey,American Whiskey,54.99,7.7
Crystal Head,Crystal Head Vodka,Vodka,50.99,7.7
Angel's Envy,Angel's Envy Bourbon Whiskey,Bourbon,47.99,8.3
Balvenie,The Balvenie 14 Year Old Caribbean Cask,Scotch,77.99,8.4
Nikka,Nikka Coffey Grain Whisky,Japanese Whisky,67.99,8.2
Auchentoshan,Auchentoshan American Oak,Scotch,41.99,6.9
Kavalan,Kavalan Classic Single Malt Whisky,Taiwanese Whisky,67.99,7.4
Leopold Bros,Leopold Bros Michigan Cherry Flavored Whiskey,American Whiskey,32.99,6.9
NY Distilling Co.,Dorothy Parker American Gin,Gin,34.99,8.3
City of London,City of London Dry Gin,Gin,23.99,8.4
Tullibardine,Tullibardine 20 Year Old,Scotch,172.99,7.8
Barton Distillery,1792 Single Barrel Kentucky Straight Bourbon,Bourbon,57.99,7.7
Templeton Rye Spirits,Templeton Rye Whiskey,Rye,29.99,7.8
Lot 40,Lot No. 40 Canadian Whisky,Canadian Whisky,33.99,7.8
Bluecoat,Bluecoat Barrel Finished American Dry Gin,Gin,35.99,8.7
Kirk and Sweeney,Kirk and Sweeney 23 Year Old Rum,Rum,44.99,8.6
Wood's High Mountain Distillery,Wood's High Mountain Distillery Treeline Barrel Rested Gin,Gin,48.99,7.5
Wood's High Mountain Distillery,Wood's High Mountain Distillery Treeline Gin,Gin,42.99,8.8
Mansinthe,Mansinthe Absinthe,Absinthe,74.99,7.8
Quiet Man,Quiet Man 8 Year Old,Irish Whiskey,40.99,7.6
Suntory,Suntory Toki,Japanese Whisky,35.99,7.3
Old Forester,Old Forester Statesman,Bourbon,57.99,7.8
Kilbeggan,Kilbeggan Single Grain Irish Whiskey,Irish Whiskey,31.99,7.7
John E. Fitzgerald Larceny,John E. Fitzgerald Larceny Small Batch Bourbon,Bourbon,20.99,7.6
Bootlegger 21,Bootlegger 21 New York Bourbon Whiskey,Bourbon,46.99,7.4
Tears of Llorona,Tears of Llorona No. 3 Extra Añejo Tequila,Tequila,223.99,9.3
Ardbeg,Ardbeg An Oa,Scotch,62.99,8.2
Glendalough,Glendalough Wild Botanical Gin,Gin,32.99,9.2
Jefferson's,Jefferson's Reserve Pritchard Hill Cabernet Cask Finished Bourbon,Bourbon,78.99,8.4
Barton Distillery,1792 Small Batch Kentucky Straight Bourbon Whiskey,Bourbon,28.99,7.6
Van Brunt,Van Brunt Stillhouse American Whiskey,American Whiskey,55.99,8
High West,High West 36th Vote Barreled Manhattan,Rye,49.99,7.8
Johnnie Walker,Johnnie Walker Blue Ghost and Rare Special Release,Scotch,286.99,9.5
The Macallan,The Macallan Double Cask Gold,Scotch,66.99,7.5
La Clandestine,La Clandestine Absinthe,Absinthe,82.99,7.2
Springbank,Springbank 12 Year Old Cask Strength,Scotch,119.99,8.5
Talisker,Talisker Storm,Scotch,39.99,7.4
DeadHead,DeadHead Rum,Rum,36.99,7.1
Clement,Clement VSOP Rhum,Rum,43.99,6.8
Few,Few Rye Whiskey,Rye,36.99,6.7
Jefferson's,Jefferson's Chef's Collaboration,Bourbon,52.99,7.6
El Buho,El Buho Mezcal,Mezcal,42.99,7.3
GlenDronach,GlenDronach 12 Year Old Original,Scotch,53.99,8
Frida Kahlo,Frida Kahlo Tequila Anejo,Tequila,63.99,7.5
Frida Kahlo,Frida Kahlo Tequila Reposado,Tequila,51.99,7.8
Hardy,Hardy Cognac VSOP Organic,Cognac,51.99,8.1
Kilchoman,Kilchoman Sanaig,Scotch,66.99,7.1
Cotswolds,Cotswolds Single Malt Whisky,English Whisky,44.99,7.8
Chairman's Reserve,Chairman's Reserve Finest St. Lucia Rum,Rum,34.99,8.1
Flor de Caña,Flor de Caña 18 Year Old,Rum,52.99,8.3
Bunnahabhain,Bunnahabhain Toiteach,Scotch,72.99,7.9
Redbreast,Redbreast 12 Year Old,Irish Whiskey,60.99,8.5
Dictador,Dictador 20 Year Old Solera System Rum,Rum,59.99,8.3
Ron Zacapa,Ron Zacapa XO Solera Gran Reserva Especial,Rum,97.99,8.3
Glenmorangie,Glenmorangie 18 YO Extremely Rare,Scotch,113.99,8.6
Glenfarclas,Glenfarclas 10,Scotch,49.99,7.8
Nikka,Nikka Taketsuru Pure Malt,Japanese Whisky,72.99,7.6
Van Brunt Stillhouse,Due North Rum,Rum,43.99,7
Tomatin,Tomatin 12 Year Old Cuatro Series #2 Manzanilla Sherry Cask Finish,Scotch,90.99,8.7
BenRiach,BenRiach 17 Year Old Septendecim,Scotch,156.99,8.7
Longrow,Longrow Peated Single Malt,Scotch,69.99,7.8
Alipus,Alipus Mezcal Santa Ana del Rio,Mezcal,51.99,7.4
Woodford Reserve,Woodford Reserve Double Oaked,Bourbon,55.99,8.3
High West,High West American Prairie Straight Bourbon Whiskey,Bourbon,31.99,7.5
Smooth Ambler,Smooth Ambler Contradiction Bourbon,Bourbon,43.99,7.7
Writers Tears,Writers Tears Copper Pot,Irish Whiskey,42.99,7.5
Auchentoshan,Auchentoshan Virgin Oak,Scotch,145.99,8.1
Vdka 6100,Vdka 6100,Vodka,19.99,8.6
Papa's Pilar,Papa's Pilar Dark Rum,Rum,41.99,8.5
The Macallan,The Macallan Rare Cask,Scotch,274.99,8.7
Herradura,Herradura Seleccion Suprema Tequila Extra Añejo,Tequila,295.99,9.1
Leyenda del Milagro,Milagro Tequila Select Barrel Reserve Añejo,Tequila,61.99,7.9
SIA,SIA Blended Scotch Whisky,Scotch,49.99,6.6
Corsair,Corsair Pumpkin Spice Moonshine,Moonshine,39.99,6.2
Angel's Envy,Angel's Envy Rum Barrel Finish Rye Whiskey,Rye,83.99,8.9
Oban,Oban Little Bay,Scotch,55.99,7.8
Craigellachie,Craigellachie 23 Year Old,Scotch,267.99,8.1
Stitzel Weller,Blade & Bow Kentucky Straight Bourbon,Bourbon,49.99,8.2
Van Brunt,Van Brunt Stillhouse Rye Whiskey,Rye,61.99,6.8
Corsair,Corsair Gin-Head Style American Gin,Gin,27.99,6
Old Forester,Old Forester 1870 Original Batch,Bourbon,40.99,7.8
Breckenridge,Breckenridge Port Cask Finish,Bourbon,53.99,8.3
Aultmore,Aultmore 18 Year Old,Scotch,131.99,8.4
Casa Dragones,Casa Dragones Tequila Blanco,Tequila,63.99,9.2
J.J. Corry,J.J. Corry 'The Gael' Batch No. 1 Irish Whiskey,Irish Whiskey,78.99,7
Nelson's Green Brier,Belle Meade Cognac Cask Finish Bourbon,Bourbon,79.99,8.1
Nikka,Nikka From The Barrel Whisky,Japanese Whisky,84.99,8.3
GlenDronach,GlenDronach 18 Year Old Allardice,Scotch,166.99,8.3
Stranahan's,Stranahan's Diamond Peak,American Whiskey,81.99,8.3
Old Pulteney,Old Pulteney Navigator,Scotch,61.99,7.4
Fortaleza,Fortaleza Blanco Tequila,Tequila,47.99,8.6
El Dorado,El Dorado 21 Year Old Special Reserve,Rum,107.99,8.2
Mount Gay,Mount Gay Eclipse,Rum,18.99,7.4
Balcones,Balcones Baby Blue Corn Whisky,American Whiskey,40.99,6.4
Hakushu,Hakushu 12 Year Old,Japanese Whisky,129.99,8.2
Glenmorangie,Glenmorangie Signet,Scotch,199.99,9.2
Powers,Powers 12 Year Old John's Lane Release,Irish Whiskey,72.99,7.5
High West,High West Vodka 7000',Vodka,33.99,7.8
Balcones,Balcones Texas Single Malt Edition,American Whiskey,70.99,6.9
Balcones,Balcones Brimstone Smoked Corn Whisky,American Whiskey,52.99,7.4
Wild Turkey,Wild Turkey Rare Breed Barrel Proof Bourbon,Bourbon,49.99,8.2
Maker's mark,Maker's Mark Cask Strength Bourbon,Bourbon,55.99,7.7
Evan Williams,Evan Williams Single Barrel Bourbon,Bourbon,29.99,7.3
Frida Kahlo,Frida Kahlo Tequila Blanco,Tequila,43.99,7.5
Casa Noble,Casa Noble Single Barrel Extra Añejo Tequila,Tequila,96.99,9
Plantation,Plantation XO Barbados 20th Anniversary Rum,Rum,51.99,8.5
Leopold Bros,Leopold Bros American Small Batch Gin,Gin,36.99,7.5
Redbreast,Redbreast Lustau Edition,Irish Whiskey,69.99,7.9
Buchanan's,Buchanan's 18 Year Old Special Reserve,Scotch,72.99,8.3
Paul John,Paul John Bold,Indian Whisky,66.99,8.7
Filibuster,Filibuster Dual Cask Straight Bourbon Whiskey,Bourbon,49.99,7.2
Westward Whiskey,Westward American Single Malt Whiskey,American Whiskey,70.99,7.1
Sagamore Spirit,Sagamore Spirit Cask Strength Straight Rye Whiskey,Rye,64.99,7.8
Berkshire,Berkshire Bourbon,Bourbon,49.99,7.2
Vago,Vago Elote,Mezcal,56.99,6.7
Sipsmith,Sipsmith London Dry Gin,Gin,33.99,7.8
Midleton,Midleton Very Rare Irish Whiskey,Irish Whiskey,210.99,8.7
Buffalo Trace,Buffalo Trace Bourbon,Bourbon,22.99,8
Henry McKenna,Henry McKenna 10 Year Old Single Barrel Kentucky Straight Bourbon,Bourbon,60.99,8
WhistlePig,WhistlePig 10 Year Old Straight Rye Whiskey,Rye,74.99,7.9
Mitchell & Son,Yellow Spot 12 Year Old,Irish Whiskey,100.99,8.2
Deanston,Deanston Virgin Oak,Scotch,36.99,7.3
Leyenda del Milagro,Milagro Tequila Select Barrel Reserve Reposado,Tequila,61.99,8.3
Brenne,Brenne 10 Year Old Single Malt Whisky,French Whisky,98.99,7.9
Lagavulin,Lagavulin 8 Year Old,Scotch,49.99,7.9
Wild Turkey,Russell's Reserve 10 Year Old Bourbon Whiskey,Bourbon,33.99,7.6
Michter's,Michter's US*1 American Whiskey,American Whiskey,45.99,8.3
Kaiyo,Kaiyo Mizunara Aged Cask Strength Japanese Malt Whisky,Japanese Whisky,94.99,7.3
Hine,Hine Antique XO Premier Cru Cognac,Cognac,204.99,7.7
Hine,Hine Rare VSOP Cognac,Cognac,48.99,8
No. 209,No. 209 Gin,Gin,29.99,7.6
Ardbeg,Ardbeg Uigeadail,Scotch,74.99,8.5
Louis Royer,Louis Royer XO Cognac,Cognac,171.99,8.1
El Tesoro de Don Felipe,El Tesoro de Don Felipe Blanco Tequila,Tequila,46.99,7.7
Michter's,Michter's US*1 Small Batch Bourbon Whiskey,Bourbon,42.99,7.8
Frapin,Frapin VIP XO Cognac,Cognac,245.99,8.9
Appleton,Appleton Estate Rum 21 Year Old,Rum,135.99,9.1
New Holland Artisan Spirits,Knickerbocker Gin,Gin,30.99,7.6
Rebel Yell,Rebel Yell Small Batch Rye Whiskey,Rye,19.99,7.3
Edinburgh Gin,Edinburgh Gin,Gin,40.99,8.6
Few,Few American Gin,Gin,36.99,7.8
The Bitter Truth,The Bitter Truth Pink Gin,Gin,40.99,8.2
Garrison Brothers,Garrison Brothers Texas Bourbon Whiskey,Bourbon,70.99,7.8
Malfy,Malfy Gin Con Limone,Gin,30.99,8.1
Reisetbauer,Reisetbauer 12 Year Old Single Malt Whisky,Austrian Whisky,129.99,8.1
Knappogue Castle,Knappogue Castle 16 Year Old Sherry Cask Finish,Irish Whiskey,69.99,7.7
The Brooklyn Distilling Company,Brooklyn Small Batch Gin,Gin,44.99,7.8
Tap,Tap Rye Port Finish Canadian Whisky,Canadian Whisky,40.99,7.7
Koval,Koval Barreled Gin,Gin,48.99,8.3
Don Papa,Don Papa Small Batch Rum,Rum,40.99,8
Old Forester,Old Forester 1920 Prohibition Style Bourbon,Bourbon,60.99,8.1
Hennessy,Hennessy Paradis,Cognac,998.99,9.3
The Macallan,The Macallan Edition No.1,Scotch,1443.99,8.3
Corsair,Corsair Ryemageddon Whiskey,Rye,41.99,7.6
Maison Surrenne,Maison Surrene Cognac Borderies,Cognac,103.99,8.4
Jefferson's,Jefferson's Ocean Aged At Sea Bourbon,Bourbon,84.99,8.2
The Botanist,The Botanist Islay Dry Gin,Gin,37.99,8.7
Jameson,Jameson Black Barrel,Irish Whiskey,38.99,8
Matusalem,Matusalem 15 Gran Reserva Solera Rum,Rum,34.99,7.2
Oban,Oban Distillers Edition,Scotch,118.99,8.4
Tullamore D.E.W.,Tullamore Dew 12 Year Old,Irish Whiskey,52.99,8
Caorunn,Caorunn Small Batch Gin,Gin,33.99,7.7
Gosling's,Gosling's Family Reserve Old Rum,Rum,73.99,7.9
Reisetbauer,Reisetbauer Blue Gin,Gin,49.99,7.8
Basil Hayden's,Basil Hayden's Bourbon,Bourbon,35.99,7.9
Compass Box,Compass Box Hedonism,Scotch,107.99,7.5
Amrut,Amrut Cask Strength Whisky,Indian Whisky,81.99,8
Spring 44,Spring 44 Old Tom Gin,Gin,40.99,7.6
Scallywag,Scallywag Small Batch Release Speyside Malt Scotch Whisky,Scotch,66.99,8.1
Camus,Camus XO Borderies,Cognac,152.99,7.5
Tapatio,Tapatio Tequila Excelencia,Tequila,166.99,8.5
Bowmore,Bowmore 15 Year Old Darkest,Scotch,81.99,8.1
Beefeater,Beefeater Burrough's Reserve Gin,Gin,85.99,8.6
Heaven Hill,Mellow Corn,American Whiskey,19.99,7.2
Glen Grant,Glen Grant 12 Year Old,Scotch,47.99,7.9
Aberfeldy,Aberfeldy 21 Year Old,Scotch,108.99,8.3
Yamazaki,Yamazaki 12 Year Old,Japanese Whisky,201.99,8.8
Paul Giraud,Paul Giraud Tres Rare Cognac,Cognac,228.99,0
Black Button,Black Button Bespoke Bourbon Cream,Liqueur,28.99,7.7
Rémy Martin,Rémy Martin XO Cognac Vincent Leroy Limited Edition,Cognac,189.99,8.8
High West,High West Campfire Whiskey,American Whiskey,66.99,7.9
Monkey 47,Monkey 47 Schwarzwald Dry Gin,Gin,41.99,8.9
Laphroaig,Laphroaig Quarter Cask,Scotch,58.99,7.9
Tito's,Tito's Vodka,Vodka,20.99,7.9
Woodford Reserve,Woodford Reserve Kentucky Straight Rye Whiskey,Rye,31.99,7.8
Lagavulin,Lagavulin 12 Year Old Single Malt Scotch Whisky,Scotch,187.99,8.5
Fluid Dynamics,Fluid Dynamics Rye Manhattan,Rye,21.99,7.7
Paul John,Paul John Brilliance,Indian Whisky,54.99,6.7
Kilchoman,Kilchoman 100% Islay,Scotch,74.99,7.3
The Glenlivet,The Glenlivet Archive 21 Year Old,Scotch,240.99,9.1
Connemara,Connemara 12 Year Old Peated Whiskey,Irish Whiskey,78.99,6.6
Pasote,Pasote Reposado Tequila,Tequila,49.99,8.7
Santa Teresa,Santa Teresa 1796 Solera Rum,Rum,46.99,7.6
Arran,The Arran Amarone Cask Finish,Scotch,83.99,8.2
Los Nahuales,Los Nahuales Mezcal Reposado,Mezcal,72.99,8.1
Ardbeg,Ardbeg Corryvreckan,Scotch,84.99,8.4
Low Gap,Low Gap Bourbon,Bourbon,74.99,7.6
Cotswolds,Cotswolds Dry Gin,Gin,39.99,7.6
Low Gap,Low Gap Rye,Rye,77.99,7.8
Russell Henry Gin,Russell Henry Hawaiian Ginger Gin,Gin,45.99,8.3
Dictador,Dictador XO Solera Insolent Rum,Rum,99.99,9.2
Bushmills,Bushmills 16 Year Old,Irish Whiskey,91.99,8
Monkey Shoulder,Monkey Shoulder Blended Scotch Whisky,Scotch,32.99,7.4
Square One,Square One Botanical Vodka,Vodka,35.99,7
Koval,Koval Single Barrel Rye Whiskey,Rye,50.99,7.6
Glenfarclas,Glenfarclas 105,Scotch,86.99,7.6
Glenglassaugh,Glenglassaugh Revival,Scotch,58.99,7.6
Corsair,Corsair Centennial Hopped Whiskey,American Whiskey,59.99,5.6
Laphroaig,Laphroaig Triple Wood,Scotch,63.99,8.2
Ilegal Mezcal,Ilegal Mezcal Añejo,Mezcal,90.99,7.8
GlenDronach,GlenDronach 21 Year Old Parliament,Scotch,234.99,8.9
Bunnahabhain,Bunnahabhain 25 Year Old,Scotch,635.99,7.2
Breckenridge,Breckenridge Reserve Blend,Bourbon,48.99,8.3
Old Forester,Old Forester 1897 Bottled in Bond,Bourbon,55.99,7.3
Zafra Rum,Zafra 21 Year Old Master Reserve Rum,Rum,55.99,8.3
Aberlour,Aberlour 12 Year Old,Scotch,53.99,8.1
Breckenridge,Breckenridge Dark Arts Malt Mash Whiskey,American Whiskey,351.99,8.4
Breckenridge,Breckenridge Gin,Gin,24.99,7.3
Russell Henry Gin,Russell Henry London Dry Gin,Gin,41.99,8.1
VODKA DSP CA 162,VODKA DSP CA 162 Straight Vodka,Vodka,41.99,7.9
VODKA DSP CA 162,VODKA DSP CA 162 Citron Vodka,Vodka,31.99,7.4
Plantation,Plantation Rum Barbados 2001,Rum,72.99,8.1
Iron Smoke,Iron Smoke Straight Bourbon Whiskey,Bourbon,50.99,6.6
Iron Smoke,Rattlesnake Rosie's Apple Pie Whiskey,American Whiskey,37.99,6.9
Koval,Koval Single Barrel Millet Whiskey,American Whiskey,50.99,6.9
Dictador,Dictador 12 Year Old Solera System Rum,Rum,39.99,7.6
Casa Magdalena,Casa Magdalena Rum,Rum,24.99,8
Dictador,Dictador XO Solera Perpetual Rum,Rum,99.99,8.7
Krogstad,Krogstad Aquavit,Spirit,30.99,7.7
Dad's Hat,Dad's Hat Pennsylvania Rye,Rye,46.99,7.2
Koval,Koval Gin Gift Pack,Gin,38.99,7.7
Duncan Taylor,The Big Smoke 46,Scotch,58.99,8
Ilegal Mezcal,Ilegal Mezcal Joven,Mezcal,48.99,7.8
Koval,Koval Whiskey Gift Pack,American Whiskey,55.99,7.4
BenRiach,BenRiach Curiositas 10 Year Old,Scotch,55.99,7.5
BenRiach,BenRiach 10 Year Old,Scotch,47.99,8
Woodford Reserve,Woodford Reserve Kentucky Straight Bourbon Whiskey,Bourbon,32.99,7.9
Kirk and Sweeney,Kirk and Sweeney 12 Year Old Rum,Rum,32.99,7.9
STOLEN,STOLEN Overproof Rum,Rum,22.99,6.1
Six Saints,Six Saints Caribbean Rum,Rum,24.99,7.5
STOLEN,STOLEN 11 Whiskey,American Whiskey,42.99,7.5
STOLEN,STOLEN Smoked Rum,Rum,26.99,6.6
Parce Rum,Parce 12 Year Old Straight Colombian Rum,Rum,71.99,7.9
Glenfiddich,Glenfiddich 18 Year Old,Scotch,100.99,8.2
Glengoyne,Glengoyne 21 Year Old,Scotch,205.99,8.9
Mars Shinshu,Mars Shinshu Iwai Tradition Whisky,Japanese Whisky,56.99,6.8
Alipus,Alipus San Andres Mezcal,Mezcal,55.99,6.5
Jefferson's,Jefferson's Very Small Batch Bourbon,Bourbon,33.99,7.8
The Glenlivet,The Glenlivet Founder's Reserve,Scotch,33.99,7.3
No.3,No.3 London Dry Gin,Gin,41.99,7.7
Koval,Koval Dry Gin,Gin,38.99,7.8
Isle of Skye,Isle Of Skye 12 Year Old,Scotch,41.99,7.1
Nonino,Nonino Grappa I Vigneti Monovitigno Il Moscato,Grappa,79.99,7.1
Koval,Koval Single Barrel Four Grain Whiskey,American Whiskey,49.99,7.5
Brenne,BRENNE French Single Malt Whisky - Estate Cask,French Whisky,61.99,7.1
Centenario International,Centenario Fundacion 20 Reserva Especial,Rum,56.99,8.1
Auchentoshan,Auchentoshan Three Wood,Scotch,67.99,7.8
Auchentoshan,Auchentoshan 18 Year Old,Scotch,139.99,7.6
Plantation,Plantation Pineapple Stiggin's Fancy Rum,Rum,29.99,8.3
The Glenlivet,The Glenlivet 15 Year Old French Oak Reserve,Scotch,63.99,8.2
Koval,Koval Single Barrel Bourbon Whiskey,Bourbon,49.99,7
El Dorado,El Dorado 15 Year Old,Rum,51.99,8.2
Auchentoshan,Auchentoshan 12 Year Old Whisky,Scotch,52.99,7.2
Pike Creek,Pike Creek Canadian Whisky,Canadian Whisky,34.99,7.9
WhistlePig,WhistlePig Old World 12 Year Old Rye Whiskey,Rye,115.99,8.7
Rey Campero,Rey Campero Espadin,Mezcal,59.99,6.6
The Glenlivet,The Glenlivet 12 Year Old,Scotch,37.99,7.4
Akashi,Akashi White Oak Blended Japanese Whisky,Japanese Whisky,42.99,7.5
The Glenlivet,The Glenlivet Nàdurra Peated Cask Finish,Scotch,86.99,8.3
Redbreast,Redbreast 21 Year Old,Irish Whiskey,274.99,8.9
Marca Negra,Marca Negra Mezcal Tepeztate,Mezcal,112.99,8.9
3 Badge Mixology,Uncle Val's Botanical Gin,Gin,32.99,8.3
English Harbour,English Harbour 5 Year Old,Rum,32.99,8.3
The Glenlivet,The Glenlivet Nàdurra First Fill Selection,Scotch,86.99,8.1
Corsair,Corsair Oatrage Whiskey,American Whiskey,47.99,7.8
Dad's Hat,Dad's Hat Pennsylvania Rye Whiskey - Port Barrel Finish,Rye,49.99,7.6
Tipperary,Tipperary Watershed Boutique Selection,Irish Whiskey,94.99,7.7
Alipus,Alipus San Juan del Rio Mezcal,Mezcal,51.99,6.8
D'Aincourt,D'Aincourt Cognac Premier Cru,Cognac,4200,8.5
Dry Fly,Dry Fly Straight Washington Wheat Whiskey,American Whiskey,39.99,7.7
Few,Few Bourbon Whiskey,Bourbon,35.99,6.8
D'Aincourt,D'Aincourt Cognac Extra,Cognac,980,8.1
Brockmans,Brockmans Intensely Smooth Gin,Gin,36.99,8.8
Balcones,Balcones Rumble,Spirit,56.99,7.7
Agavero,Agavero Tequila Liqueur,Tequila,25.99,8.4
Breckenridge,Breckenridge Bourbon Whiskey,Bourbon,41.99,7.4
Laphroaig,Laphroaig Lore,Scotch,96.99,8.2
Fair.,FAIR. Quinoa Vodka,Vodka,30.99,8.3
Ilegal Mezcal,Ilegal Mezcal Reposado,Mezcal,55.99,7.3
Corsair,Corsair Quinoa Whiskey,American Whiskey,54.99,7.6
La Muse,La Muse Verte Absinthe,Absinthe,69.99,7.8
Ransom Spirits,Ransom Old Tom Gin,Gin,37.99,8
Compass Box,Compass Box Oak Cross,Scotch,59.99,7.9
Angostura,Angostura 12 Year Old 1824,Rum,75.99,8.3
Greenhook Ginsmiths,Greenhook Ginsmiths American Dry Gin,Gin,36.99,8.4
Glenfarclas,Glenfarclas 21 Year Old,Scotch,131.99,8.3
Dalwhinnie,Dalwhinnie 1989 25 Year Old Special Releases 2015,Scotch,658.99,8.8
Crop Harvest Earth,Farmer's Organic Gin,Gin,31.99,8
Highland Park,Highland Park 25 Year Old,Scotch,612.99,8
Golden Moon,Golden Moon Gin,Gin,46.99,7.9
Ron Del Barrilito,Ron Del Barrilito 3 Star Rum,Rum,56.99,8.4
Breuckelen,Glorious Gin,Gin,37.99,8.3
Bootlegger 21,Bootlegger 21 New York Gin,Gin,35.99,8.6
Two James,Two James Spirits Catcher's Rye,Rye,49.99,7.3
Catoctin Creek,Catoctin Creek Watershed Gin,Gin,33.99,7.5
Leopold Bros,Leopold Bros American Small Batch Whiskey,American Whiskey,35.99,7.4
Westland,Westland Peated American Single Malt Whiskey,American Whiskey,66.99,7.3
Del Maguey,Del Maguey Vida Mezcal,Mezcal,40.99,7.3
Black Dirt Distillery,Black Dirt Distillery Apple Jack,Brandy,48.99,6.9
Elijah Craig,Elijah Craig Small Batch Bourbon,Bourbon,22.99,7.6
Compass Box,Compass Box The Peat Monster,Scotch,64.99,7.1
Benromach,Benromach 10 Year Old,Scotch,57.99,7.6
Citadelle,Citadelle Gin,Gin,23.99,8.2
George A. Dickel's,George Dickel Rye Whisky,Rye,24.99,7.1
Bender's,Bender's Rye Whiskey,Rye,47.99,6.5
Copper Fox,Copper Fox Rye Whisky,Rye,48.99,6.2
Glen Scotia,Glen Scotia Victoriana,Scotch,130.99,8.4
Tomatin,Tomatin Cu Bocan,Scotch,62.99,7.6
Barr Hill,Barr Hill Gin,Gin,40.99,8
The Macallan,The Macallan 12 Year Old Sherry Oak,Scotch,74.99,8.2
Dos Maderas,Dos Maderas PX 5YO + 5YO Rum,Rum,40.99,8
The Dalmore,The Dalmore 25 Year Old,Scotch,1165.99,9.5
Johnnie Walker,Johnnie Walker Black Label 12 Year Old,Scotch,34.99,6.9
Bowmore,Bowmore 12 Year Old,Scotch,52.99,7.5
Scapa,Scapa Skiren,Scotch,85.99,7.3
Glen Garioch,Glen Garioch 1797 Founder's Reserve,Scotch,50.99,7.9
Compass Box,Compass Box Great King Street Artist's Blend,Scotch,36.99,7.5
Johnnie Walker,Johnnie Walker Double Black,Scotch,43.99,7.5
Ardbeg,Ardbeg 10 Year Old,Scotch,50.99,8.1
Wild Turkey,Wild Turkey 101,Bourbon,24.99,7.4
Chivas Regal,Chivas Regal Extra Scotch Whisky,Scotch,37.99,6.8
Avion,Avion Anejo Tequila,Tequila,49.99,8.6
Journeyman,Journeyman Featherbone Bourbon Whiskey,Bourbon,49.99,6.6
Avion,Avion Reserva 44 Extra Anejo Tequila,Tequila,108.99,9.2
Knob Creek,Knob Creek Smoked Maple Bourbon,Bourbon,30.99,7.6
Inchmurrin,Inchmurrin 18 Year Old,Scotch,154.99,8.2
Glen Scotia,Glen Scotia 15 Year Old,Scotch,80.99,8
The Macallan,The Macallan 12 Year Old Double Cask,Scotch,61.99,8
Ron Abuelo,Ron Abuelo Centuria,Rum,153.99,9.4
Talisker,Talisker 18 Year Old,Scotch,155.99,8.9
Craigellachie,Craigellachie 13 Year Old,Scotch,53.99,7.8
Bunnahabhain,Bunnahabhain 12 Year Old,Scotch,55.99,8
Balblair,Balblair 2003,Scotch,74.99,7.6
Knob Creek,Knob Creek Straight Bourbon,Bourbon,30.99,7.4
Crown Royal,Crown Royal XR Blue Label,Canadian Whisky,119.99,8.1
Talisker,Talisker 10 Year Old,Scotch,49.99,8
Corsair,Corsair Triple Smoke,American Whiskey,45.99,7.6
Redbreast,Redbreast 12 Year Old Cask Strength,Irish Whiskey,70.99,8.6
Laphroaig,Laphroaig 10 Year Old Cask Strength,Scotch,68.99,7.9
The Dalmore,The Dalmore King Alexander III,Scotch,267.99,8.7
Few,Few Single Malt Whisky,American Whiskey,47.99,6.2
Corralejo,Corralejo Tequila Anejo,Tequila,42.99,7.8
Bobby's Gin Company,Bobby's Schiedam Dry Gin,Gin,41.99,8.5
Cardhu,Cardhu 12 Year Old,Scotch,57.99,7.6
Del Maguey,Del Maguey Chichicapa Mezcal,Mezcal,76.99,8.2
Benromach,Benromach Organic,Scotch,79.99,8
Leopold Bros,Leopold's Navy Strength Gin,Gin,42.99,8.4
The Macallan,The Macallan 15 Year Old Fine Oak,Scotch,125.99,8.1
Glengoyne,Glengoyne 12 Year Old,Scotch,52.99,7.9
Bowmore,Bowmore 18 Year Old,Scotch,130.99,8.4
Dry Fly,Dry Fly Dry Gin,Gin,37.99,7.8
Glenkinchie,Glenkinchie 12 Year Old,Scotch,66.99,6.9
El Dorado,El Dorado 12 Year Old,Rum,37.99,8.3
The Dalmore,The Dalmore 12 Year Old,Scotch,62.99,8.1
The Glenlivet,The Glenlivet XXV,Scotch,424.99,8.6
Ledaig,Ledaig 42 Year Old Dusgadh,Scotch,4076.99,6.8
Glenfarclas,Glenfarclas 12 Scotch Whisky,Scotch,58.99,7.8
Laphroaig,Laphroaig Select,Scotch,39.99,7.6
The Macallan,The Macallan 17 Year Old Fine Oak,Scotch,343.99,7.5
Powers,Powers Gold Label,Irish Whiskey,29.99,7.6
New England Distilling,New England Distilling Gunpowder Rye,American Whiskey,51.99,7
Mitchell & Son,Green Spot Single Pot Still,Irish Whiskey,60.99,8.1
Teeling,Teeling Small Batch Irish Whiskey,Irish Whiskey,33.99,7.8
Redbreast,Redbreast 15 Year Old,Irish Whiskey,91.99,8.2
Ron Barceló,Ron Barceló Imperial,Rum,31.99,7.7
New England Distilling,New England Distilling Eight Bells Rum,Rum,49.99,6.3
Blackwell,Blackwell Jamaican Black Gold Rum,Rum,22.99,7.8
Owney's,Owney's Original Rum,Rum,36.99,7.2
Plantation,Plantation 5 Year Old Grand Reserve Rum,Rum,25.99,8
Appleton,Appleton Estate Signature Blend,Rum,21.99,7.4
Gosling's,Gosling's Black Seal 151 Proof,Rum,24.99,7.6
Nolet's Finest Gins,Nolet's Silver Dry Gin,Gin,37.99,8.8
El Tesoro de Don Felipe,El Tesoro de Don Felipe Añejo Tequila,Tequila,55.99,8.2
Partida Tequila,Partida Tequila Reposado,Tequila,48.99,7.5
Osocalis,Osocalis XO Brandy,Brandy,123.99,6